{
    "metrics": {
        "iteration_duration": {
            "p(90)": 4075.0297,
            "p(95)": 4085.4187,
            "avg": 3450.927877199997,
            "min": 1793.1303,
            "med": 3794.2585,
            "max": 4147.0186
        },
        "http_req_duration": {
            "min": 21.9979,
            "med": 1434.721,
            "max": 2017.5039,
            "p(90)": 1779.8018,
            "p(95)": 1907.1707649999998,
            "avg": 1241.8710991500013
        },
        "iterations": {
            "count": 6000,
            "rate": 1344.2899536641175
        },
        "http_req_blocked": {
            "min": 396.2867,
            "med": 1188.2555,
            "max": 3009.5504,
            "p(90)": 1614.5298,
            "p(95)": 1630.0584549999999,
            "avg": 1207.9671042333343
        },
        "vus": {
            "value": 959,
            "min": 0,
            "max": 6000
        },
        "data_sent": {
            "count": 3816000,
            "rate": 854968.4105303788
        },
        "http_req_receiving": {
            "avg": 1.0988524499999992,
            "min": 0,
            "med": 0,
            "max": 42.3678,
            "p(90)": 3.15295,
            "p(95)": 4.99575
        },
        "http_req_tls_handshaking": {
            "max": 1278.2023,
            "p(90)": 1228.342,
            "p(95)": 1243.5016699999999,
            "avg": 828.8421016666686,
            "min": 4.1626,
            "med": 797.4683
        },
        "http_req_duration{expected_response:true}": {
            "min": 21.9979,
            "med": 1434.721,
            "max": 2017.5039,
            "p(90)": 1779.8018,
            "p(95)": 1907.1707649999998,
            "avg": 1241.8710991500013
        },
        "http_req_failed": {
            "passes": 0,
            "fails": 6000,
            "value": 0
        },
        "checks": {
            "passes": 6000,
            "fails": 66000,
            "value": 0.08333333333333333
        },
        "data_received": {
            "count": 25707625,
            "rate": 5759750.336677419
        },
        "vus_max": {
            "value": 6000,
            "min": 4098,
            "max": 6000
        },
        "http_reqs": {
            "count": 6000,
            "rate": 1344.2899536641175
        },
        "http_req_sending": {
            "max": 39.9988,
            "p(90)": 1,
            "p(95)": 1.002,
            "avg": 0.2839938166666665,
            "min": 0,
            "med": 0
        },
        "http_req_waiting": {
            "avg": 1240.4882528833332,
            "min": 21.0008,
            "med": 1434.5189,
            "max": 2017.5039,
            "p(90)": 1779.2268,
            "p(95)": 1907.1634
        },
        "http_req_connecting": {
            "p(90)": 393.2908,
            "p(95)": 394.2923,
            "avg": 378.51867613333184,
            "min": 30.994,
            "med": 388.0746,
            "max": 3004.8507
        }
    },
    "root_group": {
        "id": "d41d8cd98f00b204e9800998ecf8427e",
        "groups": {},
        "checks": {
                "200 OK": {
                    "path": "::200 OK",
                    "id": "e9654c443eff553da9e69eda7007924e",
                    "passes": 0,
                    "fails": 6000,
                    "name": "200 OK"
                },
                "201 Created": {
                    "path": "::201 Created",
                    "id": "728dcd977aae263ca314731145e1d447",
                    "passes": 6000,
                    "fails": 0,
                    "name": "201 Created"
                },
                "204 No Content": {
                    "path": "::204 No Content",
                    "id": "54fa3c2eda34e1622fda2da5e0479fc5",
                    "passes": 0,
                    "fails": 6000,
                    "name": "204 No Content"
                },
                "400 Bad Request": {
                    "passes": 0,
                    "fails": 6000,
                    "name": "400 Bad Request",
                    "path": "::400 Bad Request",
                    "id": "eeae81934b9b58bccaf0184a6d070338"
                },
                "401 Unauthorized": {
                    "id": "6ae9254e6aefe7f0bafe5102fa7e20a5",
                    "passes": 0,
                    "fails": 6000,
                    "name": "401 Unauthorized",
                    "path": "::401 Unauthorized"
                },
                "403 Forbidden": {
                    "id": "655548b761742c5a7ad15aa7df3a5d9c",
                    "passes": 0,
                    "fails": 6000,
                    "name": "403 Forbidden",
                    "path": "::403 Forbidden"
                },
                "404 Not Found": {
                    "name": "404 Not Found",
                    "path": "::404 Not Found",
                    "id": "df1528f9925ca236bac51008f77b774a",
                    "passes": 0,
                    "fails": 6000
                },
                "429 Too Many Requests": {
                    "path": "::429 Too Many Requests",
                    "id": "b810c35b9499cc7342fd415032e3a6aa",
                    "passes": 0,
                    "fails": 6000,
                    "name": "429 Too Many Requests"
                },
                "500 Internal Server Error": {
                    "fails": 6000,
                    "name": "500 Internal Server Error",
                    "path": "::500 Internal Server Error",
                    "id": "3cd96245b24e869810efe46d533b0eef",
                    "passes": 0
                },
                "502 Bad Gateway": {
                    "name": "502 Bad Gateway",
                    "path": "::502 Bad Gateway",
                    "id": "712cb0ec189a11f31f0d6d0c0031b569",
                    "passes": 0,
                    "fails": 6000
                },
                "503 Service Unavailable": {
                    "passes": 0,
                    "fails": 6000,
                    "name": "503 Service Unavailable",
                    "path": "::503 Service Unavailable",
                    "id": "f1ea1a22be0dc738c385523a66ea1cd9"
                },
                "504 Gateway Timeout": {
                    "id": "218efb729cb654723ccd57c6ebbebe29",
                    "passes": 0,
                    "fails": 6000,
                    "name": "504 Gateway Timeout",
                    "path": "::504 Gateway Timeout"
                }
            },
        "name": "",
        "path": ""
    }
}