{
    "metrics": {
        "data_sent": {
            "count": 6498000,
            "rate": 397624.2434866802
        },
        "iterations": {
            "count": 6000,
            "rate": 367.15073267468165
        },
        "http_reqs": {
            "count": 6000,
            "rate": 367.15073267468165
        },
        "vus": {
            "value": 188,
            "min": 0,
            "max": 6000
        },
        "data_received": {
            "rate": 1501014.5078449373,
            "count": 24529672
        },
        "http_req_sending": {
            "min": 0,
            "med": 3.0033000000000003,
            "max": 58.3093,
            "p(90)": 9.817410000000002,
            "p(95)": 15.202119999999999,
            "avg": 4.736776883333321
        },
        "http_req_waiting": {
            "p(95)": 12449.630700000002,
            "avg": 6835.372133466666,
            "min": 400.4803,
            "med": 6559.4011,
            "max": 13567.3596,
            "p(90)": 11924.20174
        },
        "http_req_failed": {
            "passes": 2567,
            "fails": 3433,
            "value": 0.42783333333333334
        },
        "http_req_duration{expected_response:true}": {
            "avg": 6044.933264171285,
            "min": 402.483,
            "med": 6341.3348,
            "max": 13571.3766,
            "p(90)": 11687.920780000002,
            "p(95)": 12690.07844
        },
        "http_req_tls_handshaking": {
            "avg": 870.3763272500028,
            "min": 4.9993,
            "med": 934.7694,
            "max": 1388.1109,
            "p(90)": 1309.11646,
            "p(95)": 1347.912125
        },
        "vus_max": {
            "value": 6000,
            "min": 3167,
            "max": 6000
        },
        "http_req_duration": {
            "min": 402.483,
            "med": 6565.54205,
            "max": 13571.3766,
            "p(90)": 11927.377230000002,
            "p(95)": 12454.71933,
            "avg": 6840.1957080166485
        },
        "http_req_connecting": {
            "med": 376.1015,
            "max": 477.0084,
            "p(90)": 402.5193,
            "p(95)": 405.5242,
            "avg": 369.2762336333315,
            "min": 113.0029
        },
        "http_req_receiving": {
            "avg": 0.08679766666666672,
            "min": 0,
            "med": 0,
            "max": 5.9986,
            "p(90)": 0.5072300000000001,
            "p(95)": 0.5909850000000003
        },
        "iteration_duration": {
            "max": 16062.6307,
            "p(90)": 14533.683700000001,
            "p(95)": 14869.705034999999,
            "avg": 9249.435259800019,
            "min": 1911.1999,
            "med": 9018.812699999999
        },
        "checks": {
            "passes": 6000,
            "fails": 66000,
            "value": 0.08333333333333333
        },
        "http_req_blocked": {
            "p(90)": 1694.15457,
            "p(95)": 1727.2152950000002,
            "avg": 1295.8457345333375,
            "min": 348.6909,
            "med": 1421.6606000000002,
            "max": 1816.9729
        }
    },
    "root_group": {
        "name": "",
        "path": "",
        "id": "d41d8cd98f00b204e9800998ecf8427e",
        "groups": {},
        "checks": {
                "200 OK": {
                    "path": "::200 OK",
                    "id": "e9654c443eff553da9e69eda7007924e",
                    "passes": 3433,
                    "fails": 2567,
                    "name": "200 OK"
                },
                "201 Created": {
                    "id": "728dcd977aae263ca314731145e1d447",
                    "passes": 0,
                    "fails": 6000,
                    "name": "201 Created",
                    "path": "::201 Created"
                },
                "204 No Content": {
                    "path": "::204 No Content",
                    "id": "54fa3c2eda34e1622fda2da5e0479fc5",
                    "passes": 0,
                    "fails": 6000,
                    "name": "204 No Content"
                },
                "400 Bad Request": {
                    "name": "400 Bad Request",
                    "path": "::400 Bad Request",
                    "id": "eeae81934b9b58bccaf0184a6d070338",
                    "passes": 0,
                    "fails": 6000
                },
                "401 Unauthorized": {
                    "id": "6ae9254e6aefe7f0bafe5102fa7e20a5",
                    "passes": 0,
                    "fails": 6000,
                    "name": "401 Unauthorized",
                    "path": "::401 Unauthorized"
                },
                "403 Forbidden": {
                    "name": "403 Forbidden",
                    "path": "::403 Forbidden",
                    "id": "655548b761742c5a7ad15aa7df3a5d9c",
                    "passes": 0,
                    "fails": 6000
                },
                "404 Not Found": {
                    "name": "404 Not Found",
                    "path": "::404 Not Found",
                    "id": "df1528f9925ca236bac51008f77b774a",
                    "passes": 0,
                    "fails": 6000
                },
                "429 Too Many Requests": {
                    "name": "429 Too Many Requests",
                    "path": "::429 Too Many Requests",
                    "id": "b810c35b9499cc7342fd415032e3a6aa",
                    "passes": 0,
                    "fails": 6000
                },
                "500 Internal Server Error": {
                    "id": "3cd96245b24e869810efe46d533b0eef",
                    "passes": 0,
                    "fails": 6000,
                    "name": "500 Internal Server Error",
                    "path": "::500 Internal Server Error"
                },
                "502 Bad Gateway": {
                    "name": "502 Bad Gateway",
                    "path": "::502 Bad Gateway",
                    "id": "712cb0ec189a11f31f0d6d0c0031b569",
                    "passes": 2567,
                    "fails": 3433
                },
                "503 Service Unavailable": {
                    "name": "503 Service Unavailable",
                    "path": "::503 Service Unavailable",
                    "id": "f1ea1a22be0dc738c385523a66ea1cd9",
                    "passes": 0,
                    "fails": 6000
                },
                "504 Gateway Timeout": {
                    "name": "504 Gateway Timeout",
                    "path": "::504 Gateway Timeout",
                    "id": "218efb729cb654723ccd57c6ebbebe29",
                    "passes": 0,
                    "fails": 6000
                }
            }
    }
}