{
    "metrics": {
        "http_req_duration": {
            "p(90)": 7667.7935099999995,
            "p(95)": 8276.454955,
            "avg": 4845.3127928500035,
            "min": 267.9547,
            "med": 4778.3453,
            "max": 9949.8275
        },
        "checks": {
            "passes": 6000,
            "fails": 66000,
            "value": 0.08333333333333333
        },
        "iteration_duration": {
            "avg": 6910.84917364999,
            "min": 1638.5235,
            "med": 6792.6657,
            "max": 11631.1511,
            "p(90)": 9783.29288,
            "p(95)": 10532.426974999998
        },
        "http_req_blocked": {
            "avg": 1064.146777300002,
            "min": 361.7627,
            "med": 1041.8907,
            "max": 3199.5959,
            "p(90)": 1540.5148100000001,
            "p(95)": 1590.7595
        },
        "vus_max": {
            "value": 6000,
            "min": 3819,
            "max": 6000
        },
        "http_req_sending": {
            "min": 0,
            "med": 2.99885,
            "max": 45.9674,
            "p(90)": 10.0238,
            "p(95)": 15.6478,
            "avg": 4.128544600000018
        },
        "http_req_receiving": {
            "avg": 0.1169022333333333,
            "min": 0,
            "med": 0,
            "max": 50.9569,
            "p(90)": 0.4293600000000009,
            "p(95)": 0.790605
        },
        "vus": {
            "value": 50,
            "min": 0,
            "max": 6000
        },
        "http_req_waiting": {
            "max": 9934.8239,
            "p(90)": 7663.113590000001,
            "p(95)": 8274.737685,
            "avg": 4841.067346016666,
            "min": 265.954,
            "med": 4774.1771
        },
        "http_req_failed": {
            "passes": 2963,
            "fails": 3037,
            "value": 0.49383333333333335
        },
        "data_sent": {
            "count": 6498000,
            "rate": 556849.6678230624
        },
        "data_received": {
            "count": 24459851,
            "rate": 2096100.3238460447
        },
        "http_req_duration{expected_response:true}": {
            "avg": 5211.831787751067,
            "min": 267.9547,
            "med": 5690.6987,
            "max": 9949.8275,
            "p(90)": 8266.644,
            "p(95)": 8789.529659999998
        },
        "http_req_connecting": {
            "avg": 224.2460952333343,
            "min": 142.9368,
            "med": 216.5391,
            "max": 3004.75,
            "p(90)": 283.32275,
            "p(95)": 289.3198
        },
        "iterations": {
            "count": 6000,
            "rate": 514.1732851551823
        },
        "http_reqs": {
            "rate": 514.1732851551823,
            "count": 6000
        },
        "http_req_tls_handshaking": {
            "max": 1317.8513,
            "p(90)": 1072.8659000000005,
            "p(95)": 1113.7664,
            "avg": 664.7357270666669,
            "min": 4.2511,
            "med": 651.1318
        }
    },
    "root_group": {
        "checks": {
            "200 OK": {
                "id": "e9654c443eff553da9e69eda7007924e",
                "passes": 3037,
                "fails": 2963,
                "name": "200 OK",
                "path": "::200 OK"
            },
            "201 Created": {
                "name": "201 Created",
                "path": "::201 Created",
                "id": "728dcd977aae263ca314731145e1d447",
                "passes": 0,
                "fails": 6000
            },
            "204 No Content": {
                "id": "54fa3c2eda34e1622fda2da5e0479fc5",
                "passes": 0,
                "fails": 6000,
                "name": "204 No Content",
                "path": "::204 No Content"
            },
            "400 Bad Request": {
                "name": "400 Bad Request",
                "path": "::400 Bad Request",
                "id": "eeae81934b9b58bccaf0184a6d070338",
                "passes": 0,
                "fails": 6000
            },
            "401 Unauthorized": {
                "id": "6ae9254e6aefe7f0bafe5102fa7e20a5",
                "passes": 0,
                "fails": 6000,
                "name": "401 Unauthorized",
                "path": "::401 Unauthorized"
            },
            "403 Forbidden": {
                "path": "::403 Forbidden",
                "id": "655548b761742c5a7ad15aa7df3a5d9c",
                "passes": 0,
                "fails": 6000,
                "name": "403 Forbidden"
            },
            "404 Not Found": {
                "passes": 0,
                "fails": 6000,
                "name": "404 Not Found",
                "path": "::404 Not Found",
                "id": "df1528f9925ca236bac51008f77b774a"
            },
            "429 Too Many Requests": {
                "fails": 6000,
                "name": "429 Too Many Requests",
                "path": "::429 Too Many Requests",
                "id": "b810c35b9499cc7342fd415032e3a6aa",
                "passes": 0
            },
            "500 Internal Server Error": {
                "name": "500 Internal Server Error",
                "path": "::500 Internal Server Error",
                "id": "3cd96245b24e869810efe46d533b0eef",
                "passes": 1,
                "fails": 5999
            },
            "502 Bad Gateway": {
                "passes": 2962,
                "fails": 3038,
                "name": "502 Bad Gateway",
                "path": "::502 Bad Gateway",
                "id": "712cb0ec189a11f31f0d6d0c0031b569"
            },
            "503 Service Unavailable": {
                "name": "503 Service Unavailable",
                "path": "::503 Service Unavailable",
                "id": "f1ea1a22be0dc738c385523a66ea1cd9",
                "passes": 0,
                "fails": 6000
            },
            "504 Gateway Timeout": {
                "name": "504 Gateway Timeout",
                "path": "::504 Gateway Timeout",
                "id": "218efb729cb654723ccd57c6ebbebe29",
                "passes": 0,
                "fails": 6000
            }
        },
        "name": "",
        "path": "",
        "id": "d41d8cd98f00b204e9800998ecf8427e",
        "groups": {}
    }
}